{
  "1_splatus:ultris/root": {
    "criteria": {
      "c1": "2024-05-27 01:38:17 +0000"
    },
    "done": true
  },
  "minecraft:recipes/decorations/crafting_table": {
    "criteria": {
      "unlock_right_away": "2024-05-27 01:38:17 +0000"
    },
    "done": true
  },
  "dungeons_arise:wda_root": {
    "criteria": {
      "WDA": "2024-05-27 01:38:17 +0000"
    },
    "done": true
  },
  "minecraft:adventure/adventuring_time": {
    "criteria": {
      "minecraft:savanna": "2024-05-27 01:38:19 +0000",
      "minecraft:plains": "2024-05-27 01:38:55 +0000"
    },
    "done": false
  },
  "DataVersion": 3465
}